"","BookVal","MinorBlem","MajorBlem","PowerSeller","IDSeller","Sealed","NegFeedback","ReservePriceFrac","NBidders","FinalPrice"
"1",18.95,0,0,0,0,0,0,0.368865435356201,2,15.5
"2",43.5,0,0,1,0,0,0,0.229885057471264,6,41
"3",24.5,0,0,1,0,0,0,1.02,1,24.99
"4",34.5,1,0,0,0,0,0,0.721739130434783,1,24.9
"5",99.5,0,0,0,0,0,1,0.167236180904523,4,72.65
"6",9.5,0,0,0,0,0,0,1.20947368421053,2,17.52
"7",18.5,1,0,0,0,0,0,0.872972972972973,2,20.4
"8",9.5,0,0,0,0,0,0,1.20947368421053,2,14.52
"9",39.5,0,0,1,0,0,0,0.632658227848101,2,26.71
"10",16.5,0,0,0,0,1,0,0.602424242424243,6,19.47
"11",18.95,0,0,1,0,0,0,1.05435356200528,0,NA
"12",15,1,0,0,0,0,1,0.365333333333333,3,12.74
"13",57.5,0,0,0,0,0,0,0.052,5,51
"14",34.5,0,0,0,0,0,0,0.173623188405797,3,31.25
"15",25.5,0,0,1,0,0,0,0.705490196078431,1,17.99
"16",16.5,0,0,0,0,0,0,0.256969696969697,5,14.52
"17",16.5,0,0,0,0,0,0,0.256969696969697,2,13.34
"18",59.5,0,0,1,0,1,0,0.250420168067227,8,65.95
"19",29.5,0,0,1,0,1,0,0.505084745762712,5,32.5
"20",57.5,0,0,1,0,1,0,0.259130434782609,7,51.28
"21",29.5,0,0,1,0,1,0,0.505084745762712,5,31.61
"22",22.5,0,0,1,0,1,0,0.662222222222222,3,30.95
"23",175,0,0,0,0,0,1,0.0439428571428571,6,134.2
"24",49.5,0,0,0,0,0,0,0.838181818181818,3,48.01
"25",24.5,0,0,0,0,0,0,1.51836734693878,0,NA
"26",8.5,0,0,0,0,0,0,1.23411764705882,1,10.49
"27",7.5,0,0,0,0,0,0,1.132,2,9.6
"28",69.5,0,0,0,0,0,0,0.0933812949640288,7,58.49
"29",99.5,0,0,0,0,0,0,0.0652261306532663,7,62.05
"30",39.5,0,1,0,0,0,0,0.164303797468354,6,19.58
"31",12.5,0,0,1,0,0,0,1.3192,1,16.49
"32",49.5,0,0,0,0,0,0,0.14020202020202,6,49.95
"33",12.5,0,0,1,0,0,0,0.4392,4,11.51
"34",8.5,0,0,1,0,0,0,1.17529411764706,1,9.99000000000001
"35",9.5,0,0,1,0,0,0,1.05157894736842,3,11.01
"36",24.5,0,0,0,0,0,0,1.06122448979592,0,NA
"37",12.5,0,0,1,0,0,0,0.4392,6,12.57
"38",19.95,0,0,1,0,0,0,0.275187969924812,4,11.11
"39",13.5,0,0,0,0,0,0,1.07333333333333,1,14.49
"40",10.5,0,0,1,0,0,0,0.951428571428571,3,14.52
"41",14.95,0,0,1,0,0,0,0.896321070234114,4,19.96
"42",8.5,0,0,1,0,0,0,0.527058823529412,3,7.74
"43",11.5,0,0,0,0,0,0,1.17304347826087,1,13.49
"44",17.5,0,0,0,0,0,0,1.48228571428571,0,NA
"45",24.5,0,0,0,0,0,0,1.02040816326531,0,NA
"46",24.5,0,0,0,0,0,0,1.62857142857143,0,NA
"47",21.95,0,1,0,0,0,0,0.316173120728929,2,8.25
"48",18.5,0,1,0,0,0,0,0.375135135135135,3,15.35
"49",12.5,0,0,0,0,0,0,0.3192,3,14.01
"50",34.5,0,0,0,0,0,0,0.188115942028986,9,36.51
"51",22.5,0,0,1,0,0,0,0.573333333333333,4,24.9
"52",34.5,0,0,0,0,0,0,0.434492753623188,6,33.5
"53",175,0,0,0,0,0,1,0.0439428571428571,6,134.2
"54",29.95,0,0,0,0,0,0,0.465776293823038,1,13.95
"55",12.95,0,0,0,0,0,0,1.08030888030888,2,14.5
"56",10.5,0,0,1,0,0,0,0.57047619047619,3,8.26
"57",11.5,0,0,1,0,0,0,0.520869565217391,3,7.94
"58",8.5,0,0,1,0,0,0,0.704705882352941,5,8.5
"59",11.5,0,0,1,0,0,0,0.520869565217391,4,8.8
"60",8.5,0,0,1,0,0,0,0.704705882352941,3,7.31
"61",7.95,1,0,1,0,0,0,0.753459119496855,3,8.25
"62",9.5,0,0,1,0,0,0,0.630526315789474,3,8.75
"63",35.5,0,0,0,0,0,0,0.422253521126761,4,36.05
"64",39.5,0,0,1,0,0,0,1.13325495393996,1,44.7635706806284
"65",59.5,0,0,1,1,0,0,0.0836974789915966,4,44.99
"66",46.5,0,0,0,0,0,1,0.139569892473118,6,22.06
"67",27.5,0,0,1,0,0,0,1.27272727272727,0,NA
"68",8.5,0,0,1,0,0,0,1.12941176470588,2,13
"69",9.5,0,0,1,0,0,0,1.10526315789474,2,11.75
"70",35.5,0,0,0,0,0,0,0.253239436619718,7,33
"71",9.5,0,0,1,0,0,0,1.08421052631579,2,14.75
"72",13.5,0,0,1,0,0,0,0.97037037037037,1,13.1
"73",35.5,0,0,0,0,0,0,0.16235410367967,5,33.3235706806283
"74",10.5,0,0,1,0,0,0,0.57047619047619,2,10.5
"75",399.5,1,0,1,0,0,0,0.762862504832611,0,NA
"76",11.5,0,0,1,0,0,0,0.520869565217391,4,9.25
"77",10.5,0,0,1,0,0,0,0.57047619047619,3,8.25
"78",8.5,0,0,1,0,0,0,0.704705882352941,1,5.99
"79",8.5,0,0,1,0,0,0,0.704705882352941,1,5.99
"80",11.5,0,0,1,0,0,0,0.520869565217391,4,7.25
"81",8.5,0,0,1,0,0,0,0.704705882352941,1,5.99
"82",7.95,0,0,1,0,0,0,0.753459119496855,2,6.29
"83",9.5,0,0,1,0,0,0,0.630526315789474,3,8.8
"84",8.95,0,0,1,0,0,0,0.66927374301676,2,8.25
"85",399.5,0,0,1,0,0,0,0.741176470588235,0,NA
"86",24.5,0,0,1,0,0,0,1.17959183673469,0,NA
"87",12.5,0,0,1,0,0,0,0.4792,3,13.49
"88",21.95,0,1,1,0,0,0,0.226879271070615,5,7.35
"89",39.5,0,0,0,0,0,0,0.145913181788058,4,37.7735706806283
"90",11.5,0,0,1,0,0,0,0.520869565217391,3,10.55
"91",8.5,1,0,1,0,0,0,0.704705882352941,1,5.99
"92",9.5,0,0,1,0,0,0,0.630526315789474,2,8.25
"93",39.5,0,0,0,0,0,0,0.145913181788058,6,40.7735706806283
"94",17.5,0,0,1,0,0,0,0.313714285714286,5,20
"95",7.95,0,0,1,0,0,0,1.25660377358491,2,22
"96",14.95,0,0,1,0,0,0,0.929765886287625,4,18.91
"97",7.5,0,0,1,0,0,0,1.332,2,13.98
"98",8.5,0,0,1,0,0,0,1.17529411764706,2,22
"99",39.5,0,0,1,0,0,0,1.11139240506329,1,43.9
"100",39.5,0,0,1,0,0,0,1.11240506329114,0,NA
"101",22.5,0,0,1,0,0,0,0.664,2,17.1
"102",34.5,0,0,1,0,0,0,1.04057971014493,0,NA
"103",18.5,1,0,1,0,0,0,0.872972972972973,1,16.15
"104",69.5,0,0,1,0,0,0,0.114244604316547,6,49
"105",99.5,0,0,0,0,0,1,0.0727638190954774,9,69.34
"106",35.5,0,1,0,0,0,0,0.420845070422535,2,16.21
"107",16.5,0,0,0,0,1,0,0.996969696969697,1,16.45
"108",16.5,0,0,0,0,1,0,0.996969696969697,4,23.23
"109",59.5,0,0,0,0,0,0,0.201680672268908,8,43.5
"110",17.5,0,0,0,0,1,0,0.94,1,16.45
"111",49.95,0,0,0,0,0,0,0.259259259259259,6,36
"112",39.5,0,0,0,0,0,0,0.214936708860759,6,26.05
"113",24.5,0,0,0,0,0,0,1.00204081632653,0,NA
"114",16.5,0,0,0,0,0,0,0.256969696969697,3,13.75
"115",16.5,0,0,0,0,0,0,0.256969696969697,4,12.52
"116",15,0,0,0,0,0,0,0.282666666666667,4,11.25
"117",29.5,0,0,1,0,1,0,0.505084745762712,5,36.95
"118",57.5,0,0,1,0,1,0,0.259130434782609,6,51.85
"119",29.5,0,0,1,0,1,0,0.505084745762712,4,34.95
"120",22.5,0,0,1,0,1,0,0.662222222222222,5,36.04
"121",16.5,0,0,1,0,1,0,0.903030303030303,4,25
"122",16.5,0,0,1,0,1,0,0.903030303030303,5,23.45
"123",17.5,0,0,1,0,1,0,0.851428571428571,5,21.44
"124",16.5,0,0,1,0,1,0,0.903030303030303,3,18.44
"125",16.5,0,0,0,0,1,0,0.844848484848485,2,23.94
"126",24.5,0,0,0,0,0,0,0.346530612244898,6,24
"127",10.5,0,0,0,0,0,0,0.38,5,9.5
"128",72.5,0,0,0,0,0,0,0.0550344827586207,4,57.32
"129",16.5,0,0,0,0,0,0,0.241818181818182,4,17.51
"130",8.5,0,0,0,0,0,0,0.468235294117647,4,7.25
"131",34.5,0,1,0,0,0,0,0.40231884057971,6,27.61
"132",22.5,0,0,1,0,0,0,0.444444444444444,4,19.65
"133",59.5,0,0,0,0,0,0,0.134117647058824,7,40.97
"134",35.5,0,0,0,0,0,0,0.422535211267606,6,33
"135",32.95,0,0,1,0,0,0,0.42185128983308,4,16.45
"136",39.5,0,0,0,0,0,1,0.194683544303797,6,36.7
"137",18.5,0,0,0,0,0,0,1.18378378378378,1,21.8999999999999
"138",24.5,0,0,1,0,0,0,1.17959183673469,1,28.8999999999999
"139",39.5,0,0,0,0,0,1,0.194683544303797,7,34.7
"140",16.5,0,0,0,0,0,1,1.33212121212121,0,NA
"141",24.5,0,0,1,0,0,0,0.815918367346939,0,NA
"142",43.5,0,0,0,0,0,1,0.176781609195402,5,31.7
"143",39.5,0,0,0,0,0,0,0.126329113924051,7,30.59
"144",18.95,0,0,1,0,0,0,0.316094986807388,6,20
"145",22.5,0,0,1,0,0,0,0.212603141361257,4,10.3235706806283
"146",8.5,0,0,0,0,0,0,0.821176470588235,3,13.69
"147",39.5,0,0,0,0,0,0,0.373164556962025,6,31
"148",35.5,0,0,0,0,0,0,1.16619718309859,0,NA
"149",13.5,0,0,1,0,0,0,0.406666666666667,4,11.31
"150",7.95,0,0,1,0,0,0,1.25660377358491,1,9.99000000000004
"151",11.5,0,0,1,0,0,0,0.868695652173913,2,10.49
"152",16.5,0,0,1,0,0,0,0.332727272727273,4,25
"153",8.5,0,0,1,0,0,0,1.17529411764706,2,12.5
"154",38.5,0,0,1,0,0,0,0.654545454545455,1,25.2
"155",17.5,0,0,1,0,0,0,1.01142857142857,2,19.75
"156",46.5,0,0,1,0,0,0,0.681720430107527,2,35.25
"157",46.5,0,0,1,0,0,0,0.627956989247312,3,30.79
"158",72.5,0,0,1,0,0,0,0.747586206896552,2,56.25
"159",39.5,0,0,0,0,0,1,0.194683544303797,5,37.7
"160",27.5,0,0,1,1,0,0,1.05090909090909,0,NA
"161",49.95,0,0,0,0,0,0,0.11991991991992,7,36
"162",43.5,0,0,0,0,0,1,0.176781609195402,6,31.3
"163",39.5,0,0,0,0,0,0,0.546835443037975,3,30.11
"164",24.5,0,0,0,0,0,0,0.581224489795918,2,18.89
"165",59.5,0,0,0,0,0,1,0.129243697478992,8,53.26
"166",59.5,0,0,0,0,0,0,0.699159663865546,5,55.05
"167",69.5,0,0,0,0,0,0,0.526618705035971,4,49.11
"168",24.5,0,0,1,0,0,0,0.836326530612245,0,NA
"169",27.5,0,0,0,0,0,0,0.544727272727273,6,24.49
"170",175,0,0,0,0,0,1,0.0439428571428571,4,136.7
"171",11.5,0,0,1,0,0,0,0.520869565217391,2,11
"172",8.5,0,0,0,0,0,0,0.821176470588235,2,8
"173",10.5,0,0,1,0,0,0,0.57047619047619,2,9.26
"174",8.95,0,0,1,0,0,0,0.66927374301676,3,9.35
"175",7.95,1,0,1,0,0,0,0.753459119496855,2,9.26
"176",8.5,0,0,0,0,0,0,0.605882352941177,2,6.9
"177",16.5,0,0,1,0,0,0,0.210909090909091,12,14.59
"178",9.5,0,0,0,0,0,0,0.736842105263158,0,NA
"179",25,0,0,0,0,0,0,0.318,4,22.69
"180",17.5,0,0,0,0,0,0,0.454285714285714,5,17.45
"181",8.95,0,0,1,0,0,0,0.440223463687151,5,10.44
"182",9.5,0,0,1,0,0,0,0.414736842105263,4,11.5
"183",24.5,0,0,0,0,0,0,0.611836734693878,1,14.99
"184",24.5,0,1,1,0,0,0,0.244081632653061,4,10.51
"185",39.5,0,1,1,0,0,0,0.151392405063291,3,19.89
"186",39.5,0,0,0,0,0,0,0.227848101265823,3,28.51
"187",57.5,0,0,0,0,1,0,0.0866086956521739,4,54.98
"188",16.5,0,0,0,0,0,0,0.349307313977472,2,8.48357068062828
"189",16.5,1,0,1,0,0,0,0.756969696969697,1,12.49
"190",99.5,0,0,0,0,0,0,0.3678391959799,6,71
"191",8.5,0,0,1,0,0,1,0.816470588235294,1,6.94
"192",39.5,0,1,1,0,0,0,0.151392405063291,5,16.49
"193",69.5,0,1,0,0,0,0,0.109208633093525,7,31.79
"194",43.5,0,0,1,0,0,0,0.403218390804598,0,NA
"195",99.5,1,0,0,0,0,0,0.11035175879397,5,91.87
"196",24.5,0,0,1,1,0,0,1.17959183673469,0,NA
"197",99.5,0,0,0,0,0,0,0.11035175879397,6,83.99
"198",69.5,0,0,0,0,0,0,0.212425477419112,6,64.7635706806283
"199",32.95,0,0,0,0,0,0,0.227314112291351,3,36.79
"200",39.5,0,1,1,0,0,0,0.480759493670886,0,NA
"201",49.95,0,0,1,0,0,0,0.742742742742743,2,38.15
"202",24.5,0,0,0,0,0,0,0.448163265306122,4,23
"203",8.95,0,0,1,0,0,0,1.08379888268156,1,9.69999999999996
"204",9.5,0,0,1,0,0,0,1.01052631578947,1,9.59999999999996
"205",12.5,0,0,1,0,0,0,0.824,1,10.3
"206",9.5,0,0,1,0,0,0,0.973684210526316,2,10.5
"207",34.5,1,0,0,0,0,0,0.318260869565217,3,30.49
"208",14.95,0,0,1,0,0,0,0.929765886287625,3,14.95
"209",9.5,0,0,1,0,0,0,1.05157894736842,2,10.49
"210",59.5,0,0,0,0,0,0,0.18453781512605,6,51.75
"211",11.5,0,0,1,0,0,0,0.477391304347826,4,11.51
"212",17.5,0,0,1,0,0,0,0.313714285714286,3,19.9
"213",7.5,0,0,1,0,0,0,1.332,1,9.99
"214",11.5,0,0,1,0,0,0,0.868695652173913,3,13.26
"215",14.95,0,0,1,0,0,0,0.668227424749164,2,10.66
"216",17.5,0,0,1,0,0,0,0.266285714285714,5,10.7
"217",39.5,0,0,0,0,0,0,0.101012658227848,3,23.6
"218",25,0,0,0,0,0,0,0.1396,5,29.52
"219",39.5,0,0,0,0,0,1,0.194683544303797,6,31.79
"220",175,0,0,0,0,0,0,0.0342285714285714,5,142.51
"221",16.5,0,0,0,0,0,0,0.36,5,21.44
"222",16.5,0,0,0,0,0,0,0.36,6,12.11
"223",28.95,1,0,1,0,0,0,0.81692573402418,0,NA
"224",39.5,0,1,1,0,0,0,0.151392405063291,5,13.55
"225",24.5,0,0,1,0,0,0,1.17959183673469,0,NA
"226",49.5,0,0,1,0,0,0,1.02828282828283,2,52.95
"227",8.5,0,0,0,0,0,0,0.698823529411765,1,5.94
"228",39.5,0,0,0,0,0,0,0.150379746835443,5,20.45
"229",39.5,0,0,0,0,0,1,0.194683544303797,9,35.7
"230",99.5,0,0,0,0,0,0,0.3678391959799,6,87.6
"231",7.95,1,0,0,0,0,0,0.942138364779874,1,7.49
"232",32.95,0,0,1,0,0,0,0.998482549317147,0,NA
"233",12.5,0,0,1,0,0,0,0.5272,3,11.2
"234",39.5,0,0,1,0,0,0,0.122025316455696,9,40.15
"235",18.95,0,0,0,0,0,0,0.342480211081794,6,19.5
"236",59.5,0,0,0,0,0,1,0.129243697478992,6,52.79
"237",49.5,0,0,0,0,0,0,0.838181818181818,4,48.5
"238",17.95,0,0,1,0,0,0,0.333147632311978,3,15.5
"239",24.5,0,0,0,0,0,0,0.204489795918367,7,19.05
"240",27.5,0,0,1,0,0,0,0.578181818181818,4,31.4
"241",16.5,0,0,1,0,0,0,0.363030303030303,5,15.5
"242",27.5,1,0,1,0,0,0,0.156727272727273,5,26.64
"243",35.5,0,0,0,0,0,1,0.216619718309859,6,35.7
"244",59.5,0,0,1,0,0,0,0.0502521008403361,6,50.66
"245",18.5,0,0,0,0,0,0,0.215675675675676,5,10.01
"246",24.5,0,0,0,0,0,0,0.162857142857143,4,20.5
"247",39.5,0,0,0,0,0,1,0.194683544303797,5,29.2
"248",399.5,0,0,1,0,0,0,0.728660826032541,0,NA
"249",49.5,0,0,1,0,0,0,1.02828282828283,0,NA
"250",9.5,0,0,1,0,0,0,0.931578947368421,2,13.51
"251",49.95,0,0,0,0,0,1,0.153953953953954,8,41.7
"252",18.5,0,0,1,0,0,0,0.605405405405405,3,13
"253",8.5,0,0,1,0,0,0,1.07647058823529,2,9.83
"254",39.5,0,0,1,0,0,0,0.888607594936709,1,35.1
"255",39.5,0,1,1,0,0,0,0.151392405063291,4,22.66
"256",24.5,0,0,1,0,0,0,0.951020408163265,0,NA
"257",8.5,0,0,1,0,0,0,1.52823529411765,0,NA
"258",175,0,0,0,0,0,1,0.0439428571428571,9,158.7
"259",175,0,0,0,0,0,0,0.131085714285714,9,141.58
"260",19.95,0,0,1,0,0,0,0.724310776942356,2,15.5
"261",42.5,0,0,1,0,0,0,0.768235294117647,1,32.65
"262",29.5,0,0,0,0,0,0,0.491186440677966,5,36.5
"263",39.5,0,0,1,0,0,0,0.682278481012658,3,30.85
"264",28.5,0,0,1,0,0,0,0.629824561403509,3,24.95
"265",8.5,0,0,1,0,0,0,1.40941176470588,0,NA
"266",27.5,0,1,1,0,0,0,0.217454545454545,4,19.08
"267",29.5,0,0,1,0,0,0,0.20135593220339,8,42.95
"268",39.5,0,0,1,0,0,0,0.145913181788058,4,35.7735706806283
"269",9.5,1,0,1,0,0,0,0.629473684210526,3,9.24
"270",22.5,0,0,1,0,0,0,0.256158696916812,6,18.6735706806283
"271",24.5,0,0,1,0,0,0,0.235247782882787,6,16.2735706806283
"272",14.95,0,0,1,0,0,0,0.929765886287625,2,14.45
"273",18.5,0,0,1,0,0,0,0.311544361115042,2,8.43357068062828
"274",9.5,1,0,1,0,0,0,1.05157894736842,3,15.03
"275",17.95,0,0,1,0,0,0,0.556545961002786,2,15
"276",10.5,0,0,1,0,0,0,0.951428571428571,3,12.58
"277",9.5,0,0,1,0,0,0,0.841052631578947,2,10
"278",21.95,0,0,0,0,0,0,0.913439635535308,0,NA
"279",9.5,0,0,1,0,0,0,0.841052631578947,4,16.85
"280",12.5,0,0,1,0,0,0,0.4392,6,15.28
"281",8.5,0,0,1,0,0,0,0.94,2,8.49
"282",7.5,0,0,1,0,0,0,1.06533333333333,1,7.98999999999997
"283",16.5,0,0,1,0,0,0,0.332727272727273,7,20.99
"284",8.5,0,0,1,0,0,0,1.17529411764706,1,9.99000000000001
"285",13.5,0,0,1,0,0,0,0.888148148148148,3,14.28
"286",17.5,0,0,1,0,0,0,0.742285714285714,0,NA
"287",9.5,0,0,1,0,0,0,1.05157894736842,2,11.01
"288",12.95,0,0,1,0,0,0,0.848648648648649,2,14.94
"289",11.5,0,0,1,0,0,0,0.868695652173913,1,9.99
"290",46.5,0,0,1,0,0,0,0.118064516129032,8,30
"291",11.5,0,0,1,0,0,0,0.955652173913043,1,10.99
"292",12.5,0,0,1,0,0,0,0.8792,0,NA
"293",39.5,0,0,1,0,0,0,0.145913181788058,4,28.6835706806283
"294",8.5,0,0,1,0,0,0,0,1,0
"295",11.5,0,0,1,0,0,0,0.781739130434783,1,8.99000000000001
"296",8.5,0,0,1,0,0,0,0.94,1,7.99
"297",17.95,0,0,1,0,0,0,0.723676880222841,0,NA
"298",8.5,0,0,1,0,0,0,0.94,1,7.99
"299",11.5,0,0,1,0,0,0,0.738260869565217,0,NA
"300",10.5,0,0,1,0,0,0,0.856190476190476,1,8.99
"301",10.5,0,0,1,0,0,0,0.951428571428571,1,9.98999999999999
"302",27.5,0,1,1,0,0,0,0.217454545454545,4,19.5
"303",14.95,0,0,1,0,0,0,0.868896321070234,3,14.06
"304",9.5,0,0,1,0,0,0,1.05157894736842,2,11.51
"305",43.5,0,0,0,0,0,0,0.569277486910995,4,43.7635706806283
"306",27.5,0,0,0,0,0,1,0.279636363636364,7,40.46
"307",16.5,0,0,0,0,1,0,0.878181818181818,3,16.01
"308",22.5,0,0,1,0,0,0,0.577777777777778,1,13
"309",17.5,1,0,0,0,0,0,0.951428571428571,1,16.65
"310",16.5,0,0,0,0,1,0,0.878181818181818,3,16
"311",34.5,1,0,0,0,0,0,0.721739130434783,4,28.4
"312",9.5,0,0,0,0,0,0,1.20947368421053,1,11.49
"313",99.5,0,0,0,0,0,0,0.170854271356784,6,75
"314",15.95,0,0,0,0,0,0,0.595611285266458,2,10
"315",59.5,0,0,0,0,0,0,0.159663865546218,6,39.51
"316",99.5,0,0,1,0,0,0,0.251155778894472,10,74
"317",9.5,0,0,0,0,0,0,1.10421052631579,0,NA
"318",22.5,0,0,1,0,0,0,0.256158696916812,4,16.2735706806283
"319",18.5,0,0,0,0,0,0,0.872972972972973,0,NA
"320",24.5,0,0,0,0,0,0,0.398513089005236,3,17.2635706806283
"321",19.95,0,0,0,0,0,0,0.726817042606516,1,14.5
"322",39.5,0,0,0,0,0,0,1.08708860759494,1,42.9400000000001
"323",22.5,0,0,0,0,0,0,0.662222222222222,3,21.45
"324",39.5,0,0,1,0,0,0,0.175696202531646,7,36.95
"325",34.5,1,0,0,0,0,0,0.201159420289855,4,40.72
"326",59.5,1,0,1,0,0,0,0.116638655462185,3,61.96
"327",175,1,0,1,0,0,0,0.0396571428571429,3,158.45
"328",35.5,1,0,1,0,0,0,0.195492957746479,6,29.45
"329",42.5,0,0,0,0,0,0,0.328,3,30.95
"330",16.5,0,0,0,0,0,0,0.256969696969697,2,13
"331",22.5,0,0,0,0,0,0,0.122222222222222,7,7.06
"332",39.5,0,0,0,0,0,1,0.194683544303797,5,32.84
"333",21.95,0,0,1,0,0,0,0.193166287015945,3,10.77
"334",8.5,0,0,1,0,0,0,1.17529411764706,1,9.99000000000001
"335",12.5,0,0,1,0,0,0,0.4392,3,11.36
"336",15.95,1,0,0,0,0,0,0.77742946708464,3,17.96
"337",29.5,0,0,0,0,1,0,0.491186440677966,11,35.95
"338",9.5,1,0,1,0,0,0,1.05157894736842,2,10.49
"339",34.5,0,0,1,0,0,1,0.462028985507246,4,33.95
"340",34.5,1,0,0,0,0,1,0.222898550724638,5,29.95
"341",24.5,0,0,1,1,0,0,1.17959183673469,0,NA
"342",32.95,0,0,1,1,0,0,0.998482549317147,3,47.06
"343",43.5,0,0,0,0,0,1,0.176781609195402,8,34.25
"344",32.95,0,0,0,0,0,0,0.178755690440061,8,37.9
"345",14.95,0,0,0,0,0,0,0.393979933110368,5,15.19
"346",21.95,0,1,0,0,0,0,0.658314350797267,0,NA
"347",27.5,0,1,1,0,0,0,0.217454545454545,4,9
"348",39.5,0,0,0,0,0,1,0.194683544303797,9,30.7
"349",39.5,0,0,0,0,0,0,0.379240506329114,5,29.99
"350",13.5,1,0,0,0,0,0,0.554814814814815,3,9.39
"351",59.5,0,0,0,0,0,0,0.11327731092437,11,56.78
"352",69.5,0,0,0,0,0,1,0.110647482014388,6,58.23
"353",24.5,0,0,0,0,0,0,0.324081632653061,5,20.21
"354",99.5,0,0,0,0,0,0,0.0797989949748744,6,61.95
"355",14.95,0,0,1,0,0,1,0.929765886287625,4,24.45
"356",7.5,0,0,1,0,0,0,1.332,2,11.99
"357",17.5,0,0,1,0,0,0,0.313714285714286,7,15
"358",17.95,0,0,1,0,0,0,0.556545961002786,4,13.25
"359",10.5,0,0,1,0,0,0,0.951428571428571,2,11.99
"360",26.5,0,0,0,0,0,0,0.641509433962264,2,26.07
"361",39.5,0,0,0,0,0,0,0.430379746835443,4,24.31
"362",16.5,0,0,1,0,0,0,0.332727272727273,3,17
"363",399.5,0,1,0,0,0,0,0.708385481852315,0,NA
"364",39.5,0,0,0,0,0,0,0.556962025316456,4,34.77
"365",34.5,0,0,0,0,0,0,0.63768115942029,3,30.25
"366",175,0,0,0,0,0,0,0.325714285714286,5,128.25
"367",35.5,0,0,0,0,0,0,0.535211267605634,4,28.51
"368",17.5,0,0,0,0,0,0,0.313714285714286,6,12.89
"369",17.5,0,0,0,0,0,0,0.313714285714286,6,13
"370",17.5,0,0,0,0,0,0,0.313714285714286,8,14
"371",11.5,0,0,0,0,0,0,0.693913043478261,2,8.24
"372",9.5,0,0,0,0,0,0,0.84,2,9.49
"373",39.5,0,0,0,0,0,0,0.227341772151899,7,25.5
"374",72.5,0,0,0,0,0,0,0.165241379310345,7,45.99
"375",28.5,0,0,0,0,0,0,0.315087719298246,4,28.01
"376",32.5,0,0,0,0,0,0,0.368615384615385,5,25.04
"377",9.5,0,0,1,0,0,0,0.414736842105263,5,8.19
"378",175,0,0,0,0,0,1,0.0439428571428571,7,126.2
"379",9.5,0,0,1,0,0,0,0.630526315789474,3,10.5
"380",8.95,0,0,1,0,0,0,0.66927374301676,2,8.25
"381",57.5,0,0,1,0,1,0,0.0965217391304348,6,53.83
"382",12.5,0,0,1,0,0,0,0.4792,6,11.5
"383",11.5,0,0,1,0,0,0,0.520869565217391,5,12
"384",8.5,0,0,1,0,0,0,0.704705882352941,4,12
"385",11.5,0,0,1,0,0,0,0.520869565217391,4,10.01
"386",8.5,0,0,1,0,0,0,0.704705882352941,4,11.5
"387",11.5,0,0,1,0,0,0,0.520869565217391,3,10
"388",10.5,0,0,1,0,0,0,0.57047619047619,3,7.25
"389",19.95,0,0,1,0,0,0,0.300250626566416,4,15
"390",9.5,0,0,1,0,0,0,0.630526315789474,4,12
"391",16.5,1,0,1,0,0,0,0.363030303030303,4,13.85
"392",29.5,0,0,0,0,0,0,0.500460023072145,5,27.2635706806283
"393",14.95,0,0,1,0,0,1,0.949832775919732,0,NA
"394",99.5,0,0,1,0,0,0,0.0802010050251256,7,74.99
"395",27.5,0,0,0,0,0,0,0.252363636363636,5,24.51
"396",43.5,0,0,0,0,0,0,0.964367816091954,0,NA
"397",99.5,1,0,1,0,0,0,0.798994974874372,0,NA
"398",99.5,1,0,1,0,0,0,0.798994974874372,0,NA
"399",59.5,0,0,1,0,0,0,0.831932773109244,1,49.5
"400",59.5,0,0,1,0,0,0,0.831932773109244,1,49.5
"401",59.5,0,0,1,0,0,0,0.831932773109244,2,50.5
"402",18.95,0,0,0,0,0,0,0.791029023746702,1,14.99
"403",39.5,0,0,0,0,0,0,0.632658227848101,2,25.49
"404",10.5,0,0,0,0,0,0,0.38,3,9.25
"405",19.95,0,0,0,0,0,0,0.2,7,14.61
"406",19.95,0,0,0,0,0,0,0.2,4,13.75
"407",97.5,0,0,0,0,0,0,0.0409230769230769,11,72.99
"408",16.5,0,0,1,0,1,0,0.903030303030303,3,18.78
"409",17.5,0,0,1,0,1,0,0.851428571428571,3,18.02
"410",16.5,0,0,1,0,1,0,0.903030303030303,2,15.5
"411",43.5,1,0,0,0,0,1,0.941379310344828,0,NA
"412",10.5,0,0,0,0,0,0,0.946666666666667,0,NA
"413",34.5,1,0,0,0,0,0,0.318260869565217,6,28.49
"414",175,1,0,0,0,0,0,0.0627428571428571,5,132.7
"415",175,0,0,0,0,0,0,0.0342285714285714,5,135
"416",16.5,0,0,1,0,1,0,0.288484848484848,4,23.38
"417",8.95,0,0,1,0,0,0,1.11620111731844,1,9.99000000000004
"418",15,0,0,1,0,0,0,0.366,5,12
"419",38.5,0,0,1,0,0,0,0.142597402597403,6,30.5
"420",13.5,0,0,1,0,0,0,0.406666666666667,5,13.01
"421",12.95,0,0,1,0,0,0,0.423938223938224,6,15
"422",16.5,0,0,1,0,0,0,0.332727272727273,6,20.01
"423",39.5,0,0,1,0,0,0,0.138987341772152,5,40.5
"424",69.5,0,0,0,0,1,0,0.0829290745414141,7,49.7735706806283
"425",39.5,0,0,0,0,0,1,1.08227848101266,0,NA
"426",39.5,0,0,0,0,0,0,0.783291139240506,2,34.45
"427",9.5,0,0,1,0,0,0,1.34353375585561,2,16.2935706806283
"428",7.5,0,0,1,0,0,0,1.70180942408377,0,NA
"429",13.5,0,0,1,0,0,0,1.24174597634284,1,16.7635706806283
"430",11.5,0,0,1,0,0,0,1.37074527657637,1,15.7635706806283
"431",8.5,0,0,1,0,0,0,1.61924360948568,1,13.7635706806283
"432",9.5,0,0,1,0,0,0,1.55406007164508,1,14.7635706806283
"433",10.5,0,0,1,0,0,0,1.40605435053603,0,NA
"434",11.5,0,0,1,0,0,0,1.10987571135898,1,12.7635706806283
"435",8.5,0,0,1,0,0,0,1.50159655066215,2,14.3435706806283
"436",14.95,0,0,1,0,0,0,1.18819870773433,0,NA
"437",11.5,0,0,1,0,0,0,1.28378875483724,2,16.3235706806283
"438",10.5,0,0,1,0,0,0,1.31081625529793,0,NA
"439",17.5,0,0,1,0,0,0,1.01506118175019,0,NA
"440",17.95,0,0,1,0,0,0,0.989613965494612,1,17.7635706806283
"441",8.5,0,0,1,0,0,0,1.61924360948568,1,13.7635706806283
"442",22.5,0,0,1,0,0,0,0.444444444444444,5,25.55
"443",22.5,1,0,0,0,0,0,0.644,2,15.06
"444",16.5,0,0,0,0,1,0,0.878181818181818,3,16.01
"445",15.95,0,0,0,0,0,0,0.595611285266458,2,14.51
"446",16.5,0,0,0,0,0,0,1.08484848484848,0,NA
"447",17.5,0,0,0,0,0,0,1.02285714285714,1,17.8999999999999
"448",16.5,0,0,0,0,0,0,1.08484848484848,0,NA
"449",16.5,0,0,0,0,0,0,1.08484848484848,0,NA
"450",22.5,0,0,0,0,0,0,0.795555555555555,0,NA
"451",29.5,0,0,0,0,0,0,0.606779661016949,2,19.93
"452",16.5,0,0,0,0,1,0,0.878181818181818,3,18
"453",16.5,0,0,0,0,1,0,0.878181818181818,1,14.49
"454",18.5,0,0,0,0,0,0,0.321081081081081,5,14.45
"455",9.5,0,0,0,0,0,0,1.20947368421053,1,11.49
"456",9.5,0,0,0,0,0,0,1.10421052631579,0,NA
"457",9.5,0,0,1,0,0,0,1.15578947368421,0,NA
"458",16.5,0,0,0,0,1,0,0.272121212121212,4,15
"459",15,0,0,1,0,0,0,0.798666666666667,2,12.48
"460",9.5,0,0,1,0,0,0,1.26105263157895,1,11.98
"461",9.5,0,0,1,0,0,0,1.15578947368421,3,12.49
"462",57.5,0,0,1,0,0,0,0.0346086956521739,6,39.77
"463",49.95,0,0,1,0,0,0,0.158958958958959,4,40.52
"464",26.5,0,0,1,0,0,0,0.299622641509434,3,24.45
"465",39.5,0,0,1,0,0,0,0.201012658227848,5,33.04
"466",99.5,1,0,1,0,0,0,0.0797989949748744,8,87.95
"467",14.95,0,0,0,0,0,0,0.393979933110368,6,17.4
"468",34.5,0,1,0,0,0,0,0.40231884057971,7,27.4
"469",39.5,0,0,0,0,0,0,0.754177215189873,2,31.3
"470",17.5,0,0,1,1,1,0,0.341714285714286,4,18.49
"471",28.5,0,0,0,0,0,0,0.15719298245614,5,24
"472",29.5,0,0,0,0,1,0,0.22,11,38.5
"473",24.5,0,0,1,0,0,1,0.951020408163265,1,23.3
"474",18.5,0,0,1,0,0,1,0.605405405405405,1,11.2
"475",25,1,0,0,1,0,0,0.58,2,20.25
"476",14.95,0,0,1,0,0,1,0.929765886287625,2,14.45
"477",29.5,0,0,0,0,1,0,0.22,8,43.5
"478",8.5,1,0,1,0,0,0,0.704705882352941,3,6.54
"479",7.5,0,0,1,0,0,0,1.332,2,13.72
"480",15,0,0,1,0,0,0,0.366,5,13
"481",39.5,0,0,1,0,0,1,0.964556962025316,0,NA
"482",17.5,0,0,1,0,0,0,0.313714285714286,4,12
"483",9.5,0,0,1,0,0,1,1.05789473684211,1,10.05
"484",18.95,0,0,1,0,0,0,0.289709762532982,6,19.51
"485",9.5,1,0,1,0,0,0,1.05157894736842,2,13.81
"486",8.5,0,0,1,0,0,1,1.07647058823529,0,NA
"487",8.5,0,0,1,0,0,0,1.17529411764706,0,NA
"488",9.5,0,0,1,0,0,0,1.05157894736842,1,9.98999999999999
"489",16.5,0,0,1,0,1,0,0.288484848484848,6,19.38
"490",42.5,0,0,1,0,0,0,0.329176470588235,4,34.99
"491",99.5,0,0,0,0,0,0,0.0652261306532663,3,81.5
"492",39.5,0,0,1,0,0,0,0.354177215189873,5,32.33
"493",43.5,0,0,0,0,0,0,0.149195402298851,6,46.49
"494",16.5,0,0,0,0,0,0,0.301818181818182,3,11.49
"495",69.5,0,0,0,0,0,0,0.258992805755396,5,49
"496",21.95,0,1,0,0,0,0,0.658314350797267,2,17
"497",29.5,0,0,1,0,0,0,0.0674576271186441,3,25.51
"498",19.95,0,0,0,0,0,0,0.2,4,11.09
"499",19.95,0,0,0,0,0,0,0.2,6,11.82
"500",24.5,0,0,0,0,0,1,0.313877551020408,4,18.2
"501",34.5,0,0,1,0,0,0,0.866666666666667,2,36.95
"502",42.5,0,0,0,0,0,0,0.328,5,27.45
"503",10.5,0,0,1,0,0,0,0.951428571428571,0,NA
"504",59.5,1,0,1,0,0,0,0.267899159663866,2,38.95
"505",39.5,0,0,0,0,0,0,0.170632911392405,7,32.75
"506",24.5,0,0,1,0,0,1,0.951020408163265,2,23.8
"507",32.95,0,0,1,0,0,0,1.1062215477997,1,36.4500000000001
"508",8.95,1,0,1,0,0,0,1.22234636871508,0,NA
"509",17.5,0,0,1,0,0,0,0.313714285714286,6,16
"510",9.5,1,0,1,0,0,0,1.15157894736842,0,NA
"511",32.5,0,0,1,0,0,0,0.207384615384615,10,34.53
"512",34.5,0,0,1,1,0,0,0.105507246376812,0,NA
"513",43.5,0,0,0,0,0,0,0.711264367816092,2,36.47
"514",34.5,0,0,1,0,0,0,0.866666666666667,1,29.9
"515",39.5,0,0,0,0,0,0,0.101012658227848,5,44
"516",155,0,0,0,1,1,0,0.0512258064516129,5,184.45
"517",59.5,0,0,0,1,1,0,0.133445378151261,8,56.66
"518",29.5,0,0,0,1,1,0,0.269152542372881,4,34.95
"519",57.5,0,0,0,1,1,0,0.138086956521739,5,49
"520",29.5,0,0,0,1,1,0,0.269152542372881,5,30.95
"521",22.5,0,0,0,1,1,0,0.352888888888889,5,33.1
"522",29.5,0,0,1,0,1,0,0.505084745762712,6,46.01
"523",57.5,0,0,1,0,1,0,0.259130434782609,4,55.53
"524",29.5,0,0,1,0,1,0,0.505084745762712,4,38
"525",22.5,0,0,1,0,1,0,0.662222222222222,4,29.45
"526",16.5,0,0,1,0,1,0,0.903030303030303,3,21.45
"527",16.5,0,0,1,0,1,0,0.903030303030303,2,16.21
"528",17.5,0,0,1,0,1,0,0.851428571428571,2,15.46
"529",16.5,0,0,1,0,1,0,0.903030303030303,3,20.49
"530",8.5,0,0,1,0,0,0,0.94,0,NA
"531",39.5,0,0,0,0,0,0,0.702875207104513,2,29.1635706806283
"532",49.95,0,0,0,0,0,0,0.118918918918919,5,30.46
"533",27.5,0,0,1,0,0,0,0.363636363636364,7,23.86
"534",57.5,0,0,0,0,0,0,0.0692173913043478,4,33.99
"535",24.5,0,0,1,0,0,0,0.408163265306122,5,19.64
"536",26.5,0,0,1,0,0,0,0.377358490566038,5,19.64
"537",24.5,0,0,0,0,0,0,0.242448979591837,3,15.46
"538",18.5,0,1,0,0,0,0,0.321081081081081,3,8.2
"539",39.5,0,1,0,0,0,0,0.836708860759494,0,NA
"540",12.95,1,0,0,0,0,0,0.381467181467182,3,14.45
"541",32.95,0,0,1,0,0,0,0.167223065250379,5,32
"542",27.5,0,0,1,0,0,0,0.252363636363636,4,28.45
"543",59.5,1,0,0,0,0,0,0.247731092436975,5,39.97
"544",17.5,0,1,1,0,0,0,0.354285714285714,6,19.25
"545",8.95,0,1,1,0,0,0,0.692737430167598,3,6.71
"546",9.5,0,1,1,0,0,0,0.652631578947368,4,10.5
"547",7.95,0,1,1,0,0,0,0.779874213836478,1,6.2
"548",12.5,0,1,1,0,0,0,0.496,3,7.59
"549",69.5,0,0,0,0,0,0,0.219280575539568,5,45.02
"550",39.5,0,0,0,0,0,0,0.101012658227848,4,45.01
"551",16.5,0,0,1,0,1,0,0.541818181818182,5,15
"552",29.5,0,0,1,0,1,0,0.505084745762712,4,40.95
"553",57.5,0,0,1,0,1,0,0.259130434782609,11,68.96
"554",29.5,0,0,1,0,1,0,0.505084745762712,7,35.14
"555",22.5,0,0,1,0,1,0,0.662222222222222,8,47.95
"556",16.5,0,0,1,0,1,0,0.903030303030303,6,30.95
"557",16.5,0,0,1,0,1,0,0.903030303030303,4,26.02
"558",17.5,0,0,1,0,1,0,0.851428571428571,4,26.01
"559",16.5,0,0,1,0,1,0,0.903030303030303,5,26.45
"560",14.95,0,0,1,0,0,1,0.949832775919732,2,17.25
"561",39.5,0,0,0,0,0,0,0.379240506329114,5,29.99
"562",12.5,1,0,1,0,0,0,0.916,0,NA
"563",18.5,0,0,0,0,0,0,0.697297297297297,0,NA
"564",27.5,0,0,0,0,0,0,0.288727272727273,2,22.94
"565",24.5,0,0,1,1,0,0,1.17959183673469,0,NA
"566",18.5,0,0,1,0,0,0,0.323783783783784,4,9.8
"567",21.95,0,0,1,0,0,0,0.272892938496583,6,10.5
"568",8.95,1,0,1,0,0,0,1.16759776536313,1,10.45
"569",32.95,0,0,1,0,0,0,0.167223065250379,7,35.5
"570",22.5,0,0,0,0,0,0,0.261777777777778,7,20.9
"571",16.5,0,0,1,0,1,0,0.363030303030303,6,21
"572",24.5,0,0,1,1,0,0,1.17959183673469,0,NA
"573",18.5,0,0,0,0,0,0,0.804864864864865,0,NA
"574",21.95,0,0,0,0,0,0,0.268337129840547,6,20.9
"575",32.95,0,0,0,0,0,0,0.178755690440061,8,29.9
"576",27.5,0,0,1,1,0,0,1.05090909090909,0,NA
"577",14.95,0,0,0,0,0,0,0.393979933110368,5,17.47
"578",43.5,0,0,1,1,0,0,1.0551724137931,1,45.8999999999998
"579",14.95,0,0,1,0,0,1,0.949832775919732,2,16.7
"580",24.5,0,0,1,0,0,1,0.963265306122449,0,NA
"581",11.5,0,0,1,0,0,0,0.868695652173913,0,NA
"582",11.5,0,0,1,0,0,0,0.477391304347826,5,11.33
"583",8.5,0,0,1,0,0,0,1.17529411764706,1,9.99000000000001
"584",8.5,0,0,1,0,0,0,1.17529411764706,1,9.99000000000001
"585",19.95,0,0,1,0,0,0,0.275187969924812,7,13
"586",17.5,0,0,1,0,0,0,0.313714285714286,5,15.11
"587",32.5,0,0,1,0,0,0,0.168923076923077,4,28.51
"588",9.5,1,0,1,0,0,0,1.05157894736842,1,9.98999999999999
"589",175,0,1,0,0,0,0,0.0856,8,86
"590",16.5,0,0,0,0,0,0,0.256969696969697,8,14.97
"591",34.5,0,0,0,0,0,0,0.40231884057971,5,25.51
"592",39.5,0,0,1,0,0,0,1.41518987341772,0,NA
"593",15.95,0,0,0,0,0,0,0.438244514106583,3,14.51
"594",57.5,0,0,0,0,0,0,0.121565217391304,6,53.1
"595",16.5,0,0,1,0,0,0,0.210909090909091,8,13
"596",57.5,0,0,0,0,0,0,0.121565217391304,6,37
"597",39.5,0,0,0,0,0,0,0.176962025316456,7,27
"598",25,0,0,0,0,0,0,0.2796,4,21.26
"599",49.5,0,0,1,1,0,0,1.02828282828283,0,NA
"600",49.95,0,0,0,0,0,0,0.13993993993994,7,35.01
"601",10.5,0,0,0,0,0,0,0.951428571428571,2,11.35
"602",22.5,0,0,0,0,0,0,0.310666666666667,5,21.76
"603",8.5,0,0,0,0,0,0,1.17529411764706,3,12.5
"604",24.5,0,0,0,0,0,0,0.28530612244898,7,22.39
"605",14.95,0,0,1,0,0,0,0.464214046822743,3,16.95
"606",18.5,0,0,0,0,0,0,0.377837837837838,4,15.51
"607",22.5,0,0,0,0,0,0,0.310666666666667,5,26.76
"608",7.95,1,0,0,0,0,0,0.621383647798742,3,9.45
"609",14.95,0,0,1,0,0,1,0.949832775919732,1,14.2
"610",17.5,0,0,0,0,0,0,0.282285714285714,6,12.33
"611",22.5,0,1,0,0,0,0,0.299555555555556,3,13.75
"612",12.5,0,0,0,0,0,0,0.7992,5,16.5
"613",7.5,0,0,1,0,0,0,1.332,2,11
"614",11.5,0,0,1,0,0,0,0.477391304347826,4,11.24
"615",12.5,0,0,1,0,0,0,0.4392,4,9.46
"616",8.5,0,0,1,0,0,0,1.17529411764706,3,15
"617",17.5,0,0,0,1,0,0,0.143428571428571,7,10.01
"618",57.5,0,0,0,1,1,0,0.138086956521739,7,67.95
"619",29.5,0,0,0,1,1,0,0.269152542372881,6,57.95
"620",29.5,0,0,0,1,1,0,0.269152542372881,5,67.95
"621",22.5,0,0,0,1,1,0,0.352888888888889,5,25.45
"622",16.5,0,0,0,0,0,0,0.693939393939394,2,13.5
"623",18.5,0,0,0,0,0,0,0.804864864864865,0,NA
"624",7.95,0,0,0,0,0,0,1.25660377358491,3,11.55
"625",43.5,0,0,1,1,0,0,1.0551724137931,0,NA
"626",21.95,0,0,0,0,0,0,0.268337129840547,2,15.15
"627",22.5,0,0,0,0,0,0,0.261777777777778,5,23.4
"628",39.5,0,0,0,0,0,0,0.194683544303797,8,31.74
"629",9.5,1,0,0,0,0,0,1.05157894736842,3,14.5
"630",9.5,0,0,1,0,0,0,0.414736842105263,6,8.45
"631",9.5,0,0,1,0,0,0,0.414736842105263,4,9.45
"632",9.5,1,0,0,0,0,0,1.05157894736842,4,14
"633",24.5,0,0,1,0,0,0,0.244489795918367,6,20.94
"634",14.95,0,0,0,0,0,0,0.393979933110368,3,12.5
"635",7.95,0,0,1,0,0,0,1.25660377358491,1,9.99000000000004
"636",8.5,0,0,1,0,0,1,1.07647058823529,0,NA
"637",39.5,0,0,1,0,0,1,0.964556962025316,0,NA
"638",16.5,0,0,0,0,1,0,0.878181818181818,4,29
"639",14.95,0,0,1,0,0,1,0.949832775919732,2,17.74
"640",24.5,0,0,1,0,0,1,0.926530612244898,0,NA
"641",13.5,0,0,1,0,0,0,0.406666666666667,4,8.75
"642",17.5,0,0,1,0,0,0,0.313714285714286,4,11.36
"643",9.5,0,0,1,0,0,0,1.05157894736842,3,14.68
"644",38.5,0,0,1,0,0,0,0.142597402597403,8,31.5
"645",8.95,0,0,1,0,0,0,1.11620111731844,2,10.49
"646",34.5,0,0,0,0,0,0,0.318260869565217,5,27
"647",8.5,0,0,1,0,0,0,0.704705882352941,3,11.5
"648",11.5,0,0,1,0,0,0,0.520869565217391,5,14.5
"649",10.5,0,0,1,0,0,0,0.57047619047619,4,12.9
"650",10.5,0,0,1,0,0,0,0.57047619047619,5,10.5
"651",24.5,0,0,1,1,0,0,1.17959183673469,1,28.8999999999999
"652",43.5,0,0,0,0,0,0,0.176781609195402,7,36.59
"653",12.5,0,0,1,0,0,0,0.4792,6,15.57
"654",175,0,0,0,0,0,0,0.0439428571428571,7,149.71
"655",29.5,1,0,0,1,0,0,0.177627118644068,7,24.75
"656",43.5,0,0,1,1,0,0,1.0551724137931,1,45.8999999999998
"657",18.95,0,1,1,0,0,0,0.287071240105541,5,11.46
"658",8.5,0,0,1,0,0,0,1.17529411764706,2,15
"659",9.5,0,0,1,0,0,0,1.05157894736842,5,19.99
"660",8.5,0,0,1,0,0,0,1.17529411764706,2,11.77
"661",32.5,0,0,1,0,0,0,0.168923076923077,5,27.22
"662",34.5,0,0,0,0,0,0,1.04173913043478,0,NA
"663",21.95,0,1,0,0,0,0,0.316173120728929,1,6.93999999999999
"664",43.5,0,0,0,0,0,0,0.59632183908046,5,35.95
"665",59.5,0,0,0,0,0,0,0.680672268907563,4,57
"666",39.5,0,0,0,0,0,0,0.772151898734177,3,36
"667",59.5,0,0,1,0,1,0,0.242857142857143,7,71.5
"668",29.5,0,0,1,0,1,0,0.505084745762712,10,56.95
"669",29.5,0,0,1,0,1,0,0.505084745762712,10,45.95
"670",22.5,0,0,1,0,1,0,0.662222222222222,8,32.95
"671",16.5,0,0,1,0,1,0,0.903030303030303,6,40.95
"672",16.5,0,0,1,0,1,0,0.903030303030303,5,27.96
"673",17.5,0,0,1,0,1,0,0.851428571428571,5,27.46
"674",16.5,0,0,1,0,1,0,0.903030303030303,6,24.12
"675",14.95,0,0,1,0,0,0,0.668227424749164,1,9.99
"676",38.5,0,0,1,0,0,0,0.142597402597403,7,32.5
"677",16.5,0,0,1,0,0,0,0.332727272727273,4,15.65
"678",34.5,0,1,0,0,0,0,0.40231884057971,3,20.44
"679",97.5,0,0,0,0,0,0,0.517948717948718,5,75.5
"680",11.5,0,0,1,0,0,0,0.477391304347826,3,11.16
"681",17.5,0,0,0,0,0,0,0.896,0,NA
"682",9.5,0,0,1,0,0,0,1.05157894736842,1,9.98999999999999
"683",22.5,0,0,1,0,0,0,0.244,4,19.65
"684",39.5,0,0,1,0,0,0,1.13924050632911,0,NA
"685",49.5,0,0,0,0,0,0,0.116435771325824,4,41.1735706806283
"686",17.95,0,0,1,0,0,0,0.556545961002786,2,14.13
"687",18.95,0,0,0,0,0,0,0.263324538258575,8,15.5
"688",32.95,0,0,0,0,0,0,0.178755690440061,7,31.41
"689",49.5,0,0,0,0,0,0,0.118989898989899,8,48.9
"690",14.95,0,0,0,0,0,0,1.30367892976589,0,NA
"691",9.5,1,0,0,0,0,0,0.683157894736842,3,8.86
"692",175,0,0,1,0,0,0,0.0856571428571429,6,147.5
"693",32.95,0,0,0,0,0,0,0.181790591805766,8,31.12
"694",43.5,0,0,1,0,0,0,0.229885057471264,7,38
"695",18.5,0,0,0,0,0,0,0.202162162162162,4,8.26
"696",49.5,0,0,1,1,0,0,1.11919191919192,0,NA
"697",16.5,0,0,1,0,1,0,0.288484848484848,5,16.4
"698",9.5,0,0,1,0,0,0,1.55406007164508,0,NA
"699",32.95,0,0,1,1,0,0,0.946889226100152,0,NA
"700",21.95,0,0,1,0,0,0,0.455580865603645,2,14.55
"701",14.95,0,0,1,0,0,1,0.94314381270903,4,16.65
"702",18.5,0,0,1,0,0,0,0.540540540540541,2,14.55
"703",22.5,0,0,1,0,0,0,0.444444444444444,5,20.01
"704",24.5,1,0,0,0,0,0,0.408163265306122,6,19.13
"705",24.5,0,0,1,1,0,0,1.17959183673469,0,NA
"706",17.5,0,0,1,0,0,0,0.571428571428571,2,12.05
"707",17.5,0,0,0,0,0,0,0.428,3,13.07
"708",9.5,1,0,0,0,0,0,0.446315789473684,5,13.25
"709",7.5,1,0,0,0,0,0,0.965333333333333,2,10
"710",49.95,1,0,0,0,0,0,0.2002002002002,3,36.01
"711",12.5,1,0,0,0,0,0,0.3392,7,13.26
"712",10.5,1,0,0,0,0,0,0.403809523809524,5,11.52
"713",14.95,1,0,0,0,0,0,0.283612040133779,5,14.63
"714",39.5,1,0,0,0,0,0,0.107341772151899,5,38.59
"715",28.5,1,0,0,0,0,0,0.148771929824561,7,20.35
"716",12.95,0,0,1,0,0,1,0.346718146718147,11,25
"717",26.5,0,1,0,0,0,0,0.377358490566038,4,17.36
"718",22.5,0,0,0,0,0,0,0.308444444444444,6,17.5
"719",34.5,0,0,0,0,0,0,0.201159420289855,7,28.45
"720",11.5,1,0,0,0,0,0,0.24,4,7.57
"721",59.5,0,0,1,0,0,0,0.100840336134454,10,58.16
"722",29.5,0,0,0,0,0,0,0.710169491525424,2,24.25
"723",14.95,0,0,0,0,0,0,0.719971282985169,4,21.7735706806283
"724",22.5,0,0,1,0,0,0,1.32311111111111,0,NA
"725",99.5,0,0,0,0,0,0,0.904522613065327,1,90
"726",24.5,0,0,0,0,0,1,0.313877551020408,5,17.51
"727",39.5,0,0,0,0,0,1,0.151645569620253,5,28.73
"728",9.5,0,0,0,0,0,0,0.52,6,10
"729",18.95,0,0,0,0,0,0,0.184168865435356,4,11.99
"730",35.5,0,0,1,1,0,0,0.134748469876853,10,34.7835706806283
"731",35.5,0,0,0,0,0,1,0.216619718309859,7,32.7
"732",27.5,0,0,0,0,0,0,1.11818181818182,2,34.75
"733",34.5,1,0,0,0,0,1,0.222898550724638,8,33.65
"734",17.5,0,0,1,0,0,0,0.68,1,11.9
"735",18.95,0,0,1,0,0,0,0.316094986807388,3,18.5
"736",49.5,0,0,1,1,0,0,1.11919191919192,0,NA
"737",175,0,0,0,0,0,1,0.0439428571428571,7,131.71
"738",32.95,0,0,1,1,0,0,0.946889226100152,2,32.2
"739",35.5,0,0,0,0,0,0,0.436338028169014,7,35.51
"740",39.5,0,0,0,0,0,0,0.392151898734177,3,39
"741",39.5,0,0,0,0,0,0,0.392151898734177,5,41.5
"742",34.5,0,0,0,0,0,0,0.448985507246377,3,28.51
"743",24.5,0,0,1,1,0,0,1.17959183673469,0,NA
"744",39.5,0,0,0,0,0,0,0.176962025316456,6,32.51
"745",39.5,0,0,0,0,0,0,0.176962025316456,6,32.01
"746",43.5,0,0,0,0,0,0,0.160689655172414,6,37
"747",16.5,0,0,0,0,0,0,0.847878787878788,1,13.99
"748",59.5,0,0,0,0,0,0,0.310756302521008,6,50.5
"749",21.95,0,1,0,0,0,0,0.724373576309795,1,15.9
"750",29.5,0,0,1,0,1,0,0.505084745762712,5,39.95
"751",57.5,0,0,1,0,1,0,0.259130434782609,6,51.95
"752",29.5,0,0,1,0,1,0,0.505084745762712,6,33.93
"753",22.5,0,0,1,0,1,0,0.662222222222222,5,28.96
"754",16.5,0,0,1,0,1,0,0.903030303030303,4,26.96
"755",16.5,0,0,1,0,1,0,0.903030303030303,5,23.37
"756",26.5,0,0,1,0,0,0,0.980754716981132,0,NA
"757",18.5,0,0,0,0,0,0,0.215675675675676,5,9.55
"758",21.95,0,0,0,0,0,0,0.181776765375854,5,13.5
"759",39.5,0,0,0,0,0,1,0.194683544303797,6,25.96
"760",24.5,0,0,1,1,0,0,1.17959183673469,0,NA
"761",35.5,0,0,0,0,0,0,0.985633802816901,2,39
"762",8.5,0,0,0,0,0,0,0.581176470588235,4,7.72
"763",7.95,0,0,0,0,0,0,0.621383647798742,2,6.25
"764",49.5,0,0,1,1,0,0,1.11919191919192,2,56.95
"765",16.5,1,0,0,0,0,0,0.784848484848485,0,NA
"766",43.5,0,0,0,0,0,0,0.149195402298851,6,49.01
"767",32.95,0,0,1,1,0,0,0.946889226100152,2,33.95
"768",16.5,0,0,1,0,0,0,0.813939393939394,1,13.43
"769",24.5,0,0,0,0,0,0,0.201632653061224,6,30.61
"770",9.5,1,0,0,0,0,0,0.972631578947368,0,NA
"771",27.5,0,0,0,0,0,0,0.907272727272727,2,30.45
"772",69.5,0,0,0,0,0,0,0.0646043165467626,9,59.5
"773",24.5,0,0,0,0,0,0,0.183265306122449,5,19.1
"774",99.5,0,0,0,0,0,0,0.0451256281407035,11,74.5
"775",17.5,1,0,0,0,0,0,0.193142857142857,6,13.9
"776",26.5,0,0,0,0,0,0,0.169433962264151,4,17.13
"777",49.5,0,0,0,0,0,0,0.0907070707070707,7,38.52
"778",24.5,0,0,0,0,0,0,0.183265306122449,5,23.6
"779",175,0,0,0,0,0,0,0.0256571428571429,5,154.5
"780",34.5,0,0,0,0,0,0,0.130144927536232,6,29.5
"781",39.5,0,0,0,0,0,0,0.113670886075949,5,30
"782",14.95,0,0,1,0,0,1,0.94314381270903,2,14.6
"783",29.95,0,0,0,0,0,0,0.16661101836394,6,19.5
"784",21.95,0,1,1,0,0,0,0.409111617312073,1,8.98
"785",28.5,0,0,0,0,0,1,0.297894736842105,4,15.5
"786",8.5,0,0,0,0,0,0,0.469411764705882,6,11.55
"787",16.5,0,0,0,0,0,0,0.241818181818182,6,20.25
"788",39.5,0,0,0,0,0,0,0.101012658227848,4,33.09
"789",19.95,0,0,0,0,0,0,0.2,5,16.05
"790",35.5,0,0,0,0,0,1,0.216619718309859,6,29.7
"791",24.5,0,0,1,0,0,0,0.56734693877551,5,17.22
"792",28.5,0,0,0,0,0,0,0.175087719298246,4,14.22
"793",34.5,1,0,0,0,0,1,0.222898550724638,3,27.2
"794",12.95,0,0,0,0,0,0,0.381467181467182,4,14.45
"795",27.5,0,0,1,0,0,0,0.726545454545455,2,22.15
"796",17.5,0,0,1,0,0,0,0.913714285714286,0,NA
"797",26.5,0,0,1,0,0,0,0.980754716981132,0,NA
"798",49.5,0,0,0,0,0,1,0.155353535353535,5,37.7
"799",8.95,0,0,1,0,0,0,0.892737430167598,4,12.5
"800",7.95,0,0,1,0,0,0,1.00503144654088,1,7.99
"801",24.5,0,0,1,0,0,0,0.897551020408163,1,21.99
"802",43.5,0,0,1,0,0,0,0.342528735632184,3,27.47
"803",59.5,0,0,0,0,0,1,0.129243697478992,8,60.65
"804",43.5,0,0,0,0,0,0,0.145747126436782,6,31.35
"805",29.5,0,0,1,0,0,0,1.35389830508475,0,NA
"806",39.5,0,0,1,0,0,1,0.911645569620253,0,NA
"807",99.5,0,0,1,0,0,0,0.148377594780184,6,62.9635706806283
"808",49.5,0,0,1,1,0,0,1.11919191919192,1,55.4
"809",35.5,0,0,1,0,0,1,1.01267605633803,1,35.9500000000001
"810",24.5,0,0,1,1,0,0,1.17959183673469,1,28.8999999999999
"811",24.5,0,0,1,0,0,1,0.942857142857143,1,23.1
"812",9.5,0,0,1,0,0,0,1.05157894736842,2,12.77
"813",12.5,0,0,1,0,0,0,0.4392,6,29.95
"814",32.95,0,0,1,1,0,0,0.946889226100152,2,33.21
"815",11.5,0,0,1,0,0,0,0.477391304347826,5,15
"816",11.5,0,0,1,0,0,0,0.868695652173913,2,11
"817",8.5,0,0,1,0,0,0,1.17529411764706,1,9.99000000000001
"818",12.5,1,0,0,0,0,0,0.6192,1,7.74
"819",29.5,0,0,1,0,0,0,0.394915254237288,5,19.22
"820",28.95,0,0,1,0,0,0,0.403454231433506,3,22.18
"821",28.5,0,0,0,0,0,0,0.710175438596491,0,NA
"822",39.5,0,0,0,0,0,0,0.13873417721519,6,40.49
"823",22.5,0,0,0,0,0,0,0.243555555555556,3,17.52
"824",8.5,1,0,1,0,0,0,0.423529411764706,4,6.36
"825",21.95,0,0,0,0,0,0,0.249658314350797,3,12.49
"826",69.5,0,0,0,0,0,0,0.0788489208633094,7,51.49
"827",10.5,0,0,1,0,0,0,0.342857142857143,5,8.11
"828",39.5,1,0,0,0,0,0,0.13873417721519,8,28.68
"829",19.95,0,0,0,0,0,0,0.573934837092732,3,13.88
"830",27.5,0,0,1,0,0,0,0.363636363636364,5,23
"831",24.5,0,0,1,0,0,0,0.408163265306122,6,17.16
"832",69.5,1,0,0,0,0,0,0.733812949640288,1,51
"833",22.5,0,0,0,0,0,0,0.243555555555556,4,16.99
"834",12.95,0,0,1,0,0,1,0.346718146718147,3,14
"835",22.5,0,0,0,0,0,0,0.243555555555556,6,24.04
"836",22.5,0,0,0,0,0,0,0.243555555555556,8,22.57
"837",24.5,1,0,0,0,0,0,0.366938775510204,6,29
"838",22.5,0,0,0,0,0,0,0.243555555555556,8,16.99
"839",16.5,0,0,0,0,1,0,0.241818181818182,8,19.39
"840",24.5,0,0,0,0,0,0,0.223673469387755,7,26.99
"841",49.95,0,0,0,0,0,0,0.332132132132132,5,44.65
"842",16.5,0,0,0,0,1,0,0.241818181818182,7,17.88
"843",39.5,0,0,0,0,0,0,0.101012658227848,9,32.13
"844",25,0,0,0,0,0,0,0.1396,7,23.01
"845",32.95,0,0,0,0,0,0,0.757207890743551,2,26.06
"846",24.5,0,0,0,0,0,1,0.313877551020408,5,18.2
"847",29.95,0,0,0,0,0,0,0.182971619365609,4,25
"848",18.5,0,0,0,0,0,0,0.804864864864865,1,14.89
"849",32.95,0,0,0,0,0,0,0.178755690440061,5,33.46
"850",49.5,0,0,0,0,0,0,0.118989898989899,5,45.78
"851",99.5,0,0,0,0,0,0,0.361809045226131,4,72
"852",43.5,0,0,1,0,0,0,0.229885057471264,4,35
"853",39.5,0,0,0,0,0,0,0.125569620253165,6,26.02
"854",16.5,0,0,1,0,0,1,0.856969696969697,0,NA
"855",175,0,1,1,0,0,0,0.0396571428571429,8,158.45
"856",9.5,0,0,0,0,0,0,0.577894736842105,2,11.74
"857",9.5,0,0,0,0,0,0,0.577894736842105,4,8.74
"858",9.5,0,0,0,0,0,0,0.630526315789474,4,8.75
"859",8.95,1,0,0,0,0,0,0.66927374301676,4,11
"860",27.5,0,0,1,0,0,0,0.578181818181818,3,32.3
"861",34.5,1,0,0,0,0,1,0.222898550724638,10,27.21
"862",18.5,0,0,1,0,0,0,1.33640922597991,0,NA
"863",39.5,0,0,0,0,0,1,0.194683544303797,9,28.2
"864",24.5,0,0,0,0,0,0,0.548979591836735,4,21
"865",39.5,0,0,0,0,0,1,0.194683544303797,7,25.2
"866",175,0,0,0,0,0,1,0.0439428571428571,8,135.2
"867",34.5,0,0,0,0,0,0,0.143188405797101,6,30.46
"868",24.5,0,0,1,1,0,0,1.17959183673469,0,NA
"869",24.5,0,0,0,1,0,0,0.970612244897959,0,NA
"870",9.5,1,0,0,0,0,0,0.52,4,15.35
"871",22.5,0,0,0,0,0,0,0.221777777777778,5,16.09
"872",99.5,0,0,1,0,0,0,0.149748743718593,6,79.96
"873",29.5,0,0,1,0,0,0,1.35389830508475,0,NA
"874",35.5,1,0,1,0,0,0,0.27887323943662,9,34.95
"875",17.5,1,0,0,0,0,0,0.193142857142857,3,16.88
"876",27.5,0,0,1,0,0,0,0.541818181818182,6,25.45
"877",16.5,0,0,1,0,0,0,0.813939393939394,3,14.99
"878",16.5,0,0,1,0,0,0,0.803636363636364,3,14.82
"879",22.5,0,0,0,0,0,0,1.11066666666667,0,NA
"880",16.5,0,0,1,0,1,0,0.878181818181818,3,26
"881",27.5,0,0,0,0,0,0,1.07090909090909,1,29.45
"882",24.5,0,0,0,0,0,0,0.194285714285714,5,25.25
"883",24.5,0,0,0,0,0,1,0.313877551020408,7,20.5
"884",18.5,0,0,1,0,0,0,1.33640922597991,0,NA
"885",29.95,1,0,0,0,0,0,0.198330550918197,5,23.22
"886",24.5,0,0,0,0,0,1,0.684635537984828,1,16.7735706806283
"887",22.5,0,0,1,0,0,0,1.32311111111111,0,NA
"888",175,0,0,0,0,0,0,0.0399428571428571,5,168.49
"889",24.5,0,0,0,0,0,1,0.313877551020408,6,16.21
"890",35.5,0,0,0,0,0,0,0.838692131848684,1,29.7735706806283
"891",39.5,0,0,0,0,0,1,0.194683544303797,3,45.7
"892",24.5,0,0,1,1,0,0,1.17959183673469,0,NA
"893",19.95,0,0,1,0,0,0,0.300250626566416,5,10.51
"894",16.5,0,0,1,0,0,0,0.363030303030303,8,12.56
"895",8.5,1,0,1,0,0,0,0.704705882352941,3,8.75
"896",16.5,1,0,0,0,0,0,0.299393939393939,7,15.21
"897",99.5,0,0,0,0,0,0,0.361809045226131,9,76.85
"898",49.5,0,0,1,1,0,0,1.11919191919192,0,NA
"899",39.5,0,0,1,0,0,0,0.126329113924051,8,33.25
"900",27.5,0,0,0,0,0,0,0.943636363636364,1,25.95
"901",9.5,0,0,1,0,0,0,0.414736842105263,6,9.46
"902",69.5,1,0,0,0,0,0,0.0933812949640288,5,55.51
"903",42.5,0,0,0,0,0,0,0.124941176470588,8,32.32
"904",59.5,0,0,1,0,1,0,0.133445378151261,3,92.95
"905",29.5,0,0,1,0,1,0,0.269152542372881,5,38.25
"906",29.5,0,0,1,0,1,0,0.269152542372881,5,34.21
"907",57.5,0,0,1,0,1,0,0.138086956521739,6,51.95
"908",72.5,0,0,0,0,0,0,0.0550344827586207,9,59
"909",7.5,0,0,1,0,0,0,1.332,1,9.99
"910",17.5,0,0,1,0,0,0,0.313714285714286,6,13.06
"911",16.5,0,0,1,0,1,0,0.288484848484848,8,24.37
"912",11.5,0,0,1,0,0,0,0.477391304347826,3,11.21
"913",8.5,0,0,1,0,0,0,1.17529411764706,1,9.99000000000001
"914",17.5,0,0,1,0,0,0,0.313714285714286,6,23.4
"915",10.5,0,0,1,0,0,0,0.951428571428571,2,11.5
"916",22.5,0,0,1,0,0,0,0.244,4,19
"917",27.5,0,0,1,0,0,0,0.872,1,23.98
"918",8.95,0,0,1,0,0,0,0.892737430167598,0,NA
"919",7.95,1,0,1,0,0,0,1.00503144654088,0,NA
"920",24.5,0,0,1,0,0,0,0.938367346938775,0,NA
"921",175,0,0,0,0,0,0,0.188514285714286,7,122.5
"922",39.5,0,0,0,0,0,0,0.101012658227848,6,35
"923",9.5,1,0,1,0,0,0,0.841052631578947,3,10.5
"924",8.5,1,0,1,0,0,0,0.94,2,9.07
"925",17.5,0,0,1,0,0,0,0.570857142857143,2,10.49
"926",11.5,0,0,1,0,0,0,0.781739130434783,2,10.01
"927",12.5,1,0,1,0,0,0,0.7192,2,9.49
"928",8.5,0,0,1,0,0,0,0.94,2,9.07
"929",11.5,1,0,1,0,0,0,0.607826086956522,3,13.5
"930",17.5,0,0,0,0,0,0,0.228,5,15.56
"931",9.5,0,0,0,0,0,0,0.42,4,10.05
"932",24.5,0,0,0,0,0,1,0.313877551020408,7,20.6
"933",17.5,1,0,0,0,0,0,0.513142857142857,7,18.99
"934",27.5,0,0,0,0,0,1,0.279636363636364,7,23.19
"935",57.5,0,0,0,0,1,0,0.138086956521739,7,57.44
"936",24.5,0,0,0,0,0,0,0.313877551020408,4,22.2
"937",16.5,0,0,1,0,0,0,0.787272727272727,4,17.5
"938",16.5,0,0,1,0,0,0,0.787272727272727,1,12.99
"939",12.5,0,0,0,0,0,0,0.3992,3,12.27
"940",34.5,0,0,1,0,0,0,0.431884057971014,5,27.95
"941",69.5,0,0,1,0,0,0,0.214388489208633,4,50.95
"942",99.5,0,0,1,1,0,0,0.0396984924623116,6,73.51
"943",18.5,0,0,0,0,0,0,0.804864864864865,2,20.39
"944",32.5,0,0,0,0,0,0,0.181230769230769,7,32
"945",22.5,0,0,0,0,0,0,0.644,4,33
"946",175,1,0,1,1,0,0,0.0225714285714286,7,133
"947",24.5,0,0,1,1,0,0,1.17959183673469,0,NA
"948",39.5,0,0,1,1,0,0,0.1,8,32
"949",34.5,0,0,0,0,0,0,0.448985507246377,5,35.5
"950",16.5,0,0,1,0,1,0,0.288484848484848,5,63.88
"951",43.5,0,0,0,0,0,0,0.356091954022988,4,30.55
"952",39.5,0,0,1,0,0,0,0.872151898734177,0,NA
"953",34.5,1,0,1,0,0,0,0.708695652173913,0,NA
"954",43.5,0,0,0,0,0,0,0.145747126436782,8,30.35
"955",22.5,0,0,1,0,0,0,1.15111111111111,0,NA
"956",24.5,0,0,0,0,0,0,1.01795918367347,0,NA
"957",35.5,0,0,0,0,0,0,1.04056338028169,0,NA
"958",155,0,0,0,0,1,0,0.209677419354839,8,160
"959",29.5,0,0,0,0,1,0,0.76271186440678,4,38.5
"960",29.5,0,0,0,0,1,0,0.76271186440678,3,33.5
"961",24.5,0,0,0,0,0,1,0.826122448979592,1,20.24
"962",16.5,0,0,0,0,0,0,0.349307313977472,6,17.0335706806283
"963",24.5,0,0,0,0,0,1,0.313877551020408,5,17.71
"964",39.5,0,0,1,0,0,0,1.13325495393996,0,NA
"965",14.95,0,0,0,0,0,0,0.333779264214047,6,14.52
"966",7.95,0,0,1,0,0,0,0.942138364779874,3,7.99
"967",17.5,1,0,1,0,0,0,0.825714285714286,1,14.45
"968",35.5,0,0,0,0,0,1,0.216619718309859,6,37.42
"969",43.5,0,0,0,0,0,0,0.206666666666667,5,41.01
"970",34.5,1,0,0,0,0,1,0.222898550724638,8,26.96
"971",12.95,0,0,1,0,0,0,1.11583011583012,2,16
"972",34.5,0,0,0,0,0,0,0.260579710144928,6,35.01
"973",11.5,1,0,1,0,0,0,0.995652173913043,0,NA
"974",59.5,0,0,0,0,0,0,0.15109243697479,7,69
"975",43.5,0,0,0,0,0,1,0.176781609195402,4,36.7
"976",11.5,0,0,0,0,0,0,0.995652173913043,0,NA
"977",59.5,0,0,0,0,0,1,0.129243697478992,8,59.57
"978",12.5,1,0,1,0,0,0,0.916,0,NA
"979",15,1,0,1,0,0,0,0.399333333333333,3,14
"980",32.95,0,0,1,1,0,0,0.946889226100152,2,32.45
"981",34.5,0,0,0,0,0,0,0.431884057971014,6,34.52
"982",15,0,0,1,0,0,0,0.726666666666667,1,10.9
"983",7.5,0,0,1,0,0,0,1.45333333333333,0,NA
"984",175,0,0,1,1,0,0,0.999714285714286,0,NA
"985",39.5,0,0,1,1,0,0,1.01139240506329,0,NA
"986",32.5,0,0,1,1,0,0,1.07538461538462,0,NA
"987",46.5,0,0,1,1,0,0,1.03118279569892,0,NA
"988",97.5,0,0,1,1,0,0,0.922564102564103,0,NA
"989",16.5,0,0,1,1,0,0,1.14848484848485,0,NA
"990",72.5,0,0,1,1,0,0,0.964827586206897,0,NA
"991",39.5,0,0,1,1,0,0,1.03670886075949,0,NA
"992",43.5,0,0,1,1,0,0,1.03333333333333,0,NA
"993",38.5,0,0,1,1,0,0,1.01168831168831,0,NA
"994",34.5,0,0,1,1,0,0,0.984057971014493,0,NA
"995",59.5,0,0,1,0,1,0,0.133445378151261,8,71
"996",29.5,0,0,1,0,1,0,0.269152542372881,6,41.95
"997",57.5,0,0,1,0,1,0,0.138086956521739,9,48.95
"998",29.5,1,0,0,0,0,0,0.426779661016949,5,18.1
"999",22.5,0,0,0,0,0,0,0.559555555555556,3,18.21
"1000",29.5,0,0,1,0,1,0,0.269152542372881,6,33.98
